DISC_SCORE0,LV_AGE_DIFF0,CVD,DEGREE,INCOME0,CRPRESU0,MOD_PSTRESS,BMI0
1.0,0.146559993418,0.0270117852815,0.108042920319,-0.0156843171696,0.150889205085,0.0390552177538,0.182589815018
0.146559993418,1.0,0.0355389060707,-0.025527483227,-0.0447065477725,0.308582474123,0.0206924571556,0.462463212129
0.0270117852815,0.0355389060707,1.0,-0.033251261158,0.0386592815725,-0.0137422523598,-0.0375642476076,-0.0400114440128
0.108042920319,-0.025527483227,-0.033251261158,1.0,0.388465549926,-0.0302341855732,-0.147068733474,0.0129632452666
-0.0156843171696,-0.0447065477725,0.0386592815725,0.388465549926,1.0,-0.0231292060768,-0.146849875887,0.00302282067758
0.150889205085,0.308582474123,-0.0137422523598,-0.0302341855732,-0.0231292060768,1.0,-0.0446606112098,0.450654712665
0.0390552177538,0.0206924571556,-0.0375642476076,-0.147068733474,-0.146849875887,-0.0446606112098,1.0,-0.0168498007065
0.182589815018,0.462463212129,-0.0400114440128,0.0129632452666,0.00302282067758,0.450654712665,-0.0168498007065,1.0
